{
  "type": "FeatureCollection",
  "features": [
    {
      "type": "Feature",
      "geometry": {
        "type": "Polygon",
        "coordinates": [
          [
            [
              118.23146093159517,
              32.44255525598072
            ],
            [
              118.22853636459297,
              32.444970926557744
            ],
            [
              118.22905032817027,
              32.44639860316113
            ],
            [
              118.22705158092538,
              32.44931106343233
            ],
            [
              118.22442465597487,
              32.449425277560636
            ],
            [
              118.21895903404459,
              32.455140742896674
            ],
            [
              118.21827374927489,
              32.46045169986155
            ],
            [
              118.2131341135024,
              32.46719033342998
            ],
            [
              118.18914914656364,
              32.46821826058459
            ],
            [
              118.17465537368491,
              32.47165610584585
            ],
            [
              118.16277710434372,
              32.46982867979324
            ],
            [
              118.15101304913094,
              32.474511459052906
            ],
            [
              118.13410935814557,
              32.48741765554843
            ],
            [
              118.13125400493846,
              32.49152936416647
            ],
            [
              118.12919815062946,
              32.49232886306447
            ],
            [
              118.10818275102599,
              32.5037502758924
            ],
            [
              118.1012156892009,
              32.50454977479046
            ],
            [
              118.0907079893991,
              32.507976198638914
            ],
            [
              118.08750999380743,
              32.51026048120451
            ],
            [
              118.08465464060032,
              32.51437218982255
            ],
            [
              118.07848707767312,
              32.517113328901246
            ],
            [
              118.07277637125912,
              32.51425797569425
            ],
            [
              118.07323322777245,
              32.505920344329695
            ],
            [
              118.06695145071694,
              32.49621214342608
            ],
            [
              118.05667217917187,
              32.49358521847563
            ],
            [
              118.05107568688607,
              32.490729865268634
            ],
            [
              118.03919741754498,
              32.473140889513445
            ],
            [
              118.03908320341668,
              32.468800752638856
            ],
            [
              118.03691313497939,
              32.46251897558352
            ],
            [
              118.0326872122331,
              32.45874990935016
            ],
            [
              118.0293750025129,
              32.451897061653426
            ],
            [
              118.02994607315418,
              32.44515842808494
            ],
            [
              118.03120242856528,
              32.43682079672038
            ],
            [
              118.02857550361489,
              32.432252231589246
            ],
            [
              118.02857550361489,
              32.42768366645805
            ],
            [
              118.02983185902599,
              32.404726626673835
            ],
            [
              118.03234456984819,
              32.399015920259956
            ],
            [
              118.03120242856528,
              32.39387628448736
            ],
            [
              118.02366429609879,
              32.394561569256894
            ],
            [
              118.02138001353319,
              32.393533642102454
            ],
            [
              118.00961595832041,
              32.39604635292466
            ],
            [
              118.00493317906091,
              32.3984448496185
            ],
            [
              117.99990775741662,
              32.401642845210404
            ],
            [
              117.99242673201422,
              32.4009575604407
            ],
            [
              117.98985691412793,
              32.39696006595079
            ],
            [
              117.991491603839,
              32.37139751636505
            ],
            [
              117.99259567374577,
              32.34958354080618
            ],
            [
              117.99472767080704,
              32.34364440613558
            ],
            [
              117.9945753853026,
              32.33816212797825
            ],
            [
              117.99899166492958,
              32.321715293505974
            ],
            [
              118.00462622859129,
              32.30846645462543
            ],
            [
              118.0130019313317,
              32.29993846638058
            ],
            [
              118.02427105865547,
              32.293237904188004
            ],
            [
              118.02746905424715,
              32.293237904188004
            ],
            [
              118.03797675404905,
              32.28866933905687
            ],
            [
              118.08031212426465,
              32.28866933905687
            ],
            [
              118.08548983141338,
              32.28608048548267
            ],
            [
              118.08853554150073,
              32.28166420585569
            ],
            [
              118.08853554150073,
              32.277704782742035
            ],
            [
              118.09325639213648,
              32.263846801844124
            ],
            [
              118.0993478123113,
              32.261105662765374
            ],
            [
              118.11153065266126,
              32.255014242590335
            ],
            [
              118.12066778292353,
              32.25303453103351
            ],
            [
              118.13376433629958,
              32.254709671581736
            ],
            [
              118.13915143601685,
              32.26566153743789
            ],
            [
              118.14176884312315,
              32.26689885716087
            ],
            [
              118.14871686926017,
              32.2667085002804
            ],
            [
              118.14919276146134,
              32.27108670853124
            ],
            [
              118.15561730617719,
              32.278700983749786
            ],
            [
              118.15647391213918,
              32.28923009870056
            ],
            [
              118.15000177820332,
              32.29646366015845
            ],
            [
              118.15685462590011,
              32.29912865648498
            ],
            [
              118.16846639560856,
              32.29456009135362
            ],
            [
              118.16496858793005,
              32.30067530613866
            ],
            [
              118.16889469858972,
              32.301984009691864
            ],
            [
              118.17067929434404,
              32.30591012035154
            ],
            [
              118.16960853689136,
              32.312810557268506
            ],
            [
              118.17103621349486,
              32.31530899132463
            ],
            [
              118.1725828631487,
              32.315784883525794
            ],
            [
              118.1731777284001,
              32.319592021135065
            ],
            [
              118.17674691990885,
              32.32209045519113
            ],
            [
              118.17627102770768,
              32.324350943146726
            ],
            [
              118.17817459651235,
              32.328752946007455
            ],
            [
              118.18055405751818,
              32.33053754176183
            ],
            [
              118.18210070717203,
              32.33374981411981
            ],
            [
              118.18674065613345,
              32.340531277986315
            ],
            [
              118.18566989868077,
              32.34172100848923
            ],
            [
              118.18721654833462,
              32.34552814609867
            ],
            [
              118.18769244053567,
              32.346955822702114
            ],
            [
              118.18638373698252,
              32.34957322980847
            ],
            [
              118.1903098476422,
              32.35159577166354
            ],
            [
              118.19042882069243,
              32.35468907097106
            ],
            [
              118.18891548349268,
              32.357848995186714
            ],
            [
              118.19165662257149,
              32.36550134178145
            ],
            [
              118.19485461816339,
              32.37029833516925
            ],
            [
              118.20387753429736,
              32.37018412104095
            ],
            [
              118.20935981245475,
              32.373039474248
            ],
            [
              118.21449944822734,
              32.37395318727431
            ],
            [
              118.21849694271725,
              32.380577606714496
            ],
            [
              118.23585749021584,
              32.39759551182823
            ],
            [
              118.2536748942274,
              32.41518448758336
            ],
            [
              118.24873210242538,
              32.429087961700645
            ],
            [
              118.24843519879676,
              32.429445770269695
            ],
            [
              118.23146093159517,
              32.44255525598072
            ]
          ]
        ]
      },
      "properties": {
        "Id": 0
      }
    }
  ]
}